Method,Job,AnalyzeLaunchVariance,EvaluateOverhead,MaxAbsoluteError,MaxRelativeError,MinInvokeCount,MinIterationTime,OutlierMode,Affinity,EnvironmentVariables,Jit,Platform,PowerPlanMode,Runtime,AllowVeryLargeObjects,Concurrent,CpuGroups,Force,HeapAffinitizeMask,HeapCount,NoAffinitize,RetainVm,Server,Arguments,BuildConfiguration,Clock,EngineFactory,NuGetReferences,Toolchain,IsMutator,InvocationCount,IterationCount,IterationTime,LaunchCount,MaxIterationCount,MaxWarmupIterationCount,MemoryRandomization,MinIterationCount,MinWarmupIterationCount,RunStrategy,UnrollFactor,WarmupCount,Day,IsPartOne,Mean,Error,StdDev
Benchmark,DefaultJob,False,Default,Default,Default,Default,Default,Default,0000000000,Empty,RyuJit,Arm64,8c5e7fda-e8bf-4a96-9a85-a6e23a8c635c,.NET 7.0,False,True,False,True,Default,Default,False,False,False,Default,Default,Default,Default,Default,Default,Default,Default,Default,Default,Default,Default,Default,Default,Default,Default,Default,16,Default,16,False,"3,528,338.8 μs","69,294.15 μs","82,489.76 μs"
Benchmark,DefaultJob,False,Default,Default,Default,Default,Default,Default,0000000000,Empty,RyuJit,Arm64,8c5e7fda-e8bf-4a96-9a85-a6e23a8c635c,.NET 7.0,False,True,False,True,Default,Default,False,False,False,Default,Default,Default,Default,Default,Default,Default,Default,Default,Default,Default,Default,Default,Default,Default,Default,Default,16,Default,16,True,"377,458.7 μs",975.99 μs,815.00 μs
Benchmark,DefaultJob,False,Default,Default,Default,Default,Default,Default,0000000000,Empty,RyuJit,Arm64,8c5e7fda-e8bf-4a96-9a85-a6e23a8c635c,.NET 7.0,False,True,False,True,Default,Default,False,False,False,Default,Default,Default,Default,Default,Default,Default,Default,Default,Default,Default,Default,Default,Default,Default,Default,Default,16,Default,17,False,"3,102.7 μs",60.69 μs,53.80 μs
Benchmark,DefaultJob,False,Default,Default,Default,Default,Default,Default,0000000000,Empty,RyuJit,Arm64,8c5e7fda-e8bf-4a96-9a85-a6e23a8c635c,.NET 7.0,False,True,False,True,Default,Default,False,False,False,Default,Default,Default,Default,Default,Default,Default,Default,Default,Default,Default,Default,Default,Default,Default,Default,Default,16,Default,17,True,"1,593.5 μs",6.95 μs,5.80 μs
Benchmark,DefaultJob,False,Default,Default,Default,Default,Default,Default,0000000000,Empty,RyuJit,Arm64,8c5e7fda-e8bf-4a96-9a85-a6e23a8c635c,.NET 7.0,False,True,False,True,Default,Default,False,False,False,Default,Default,Default,Default,Default,Default,Default,Default,Default,Default,Default,Default,Default,Default,Default,Default,Default,16,Default,18,False,"43,915.2 μs",313.88 μs,293.61 μs
Benchmark,DefaultJob,False,Default,Default,Default,Default,Default,Default,0000000000,Empty,RyuJit,Arm64,8c5e7fda-e8bf-4a96-9a85-a6e23a8c635c,.NET 7.0,False,True,False,True,Default,Default,False,False,False,Default,Default,Default,Default,Default,Default,Default,Default,Default,Default,Default,Default,Default,Default,Default,Default,Default,16,Default,18,True,139.9 μs,1.99 μs,1.86 μs
Benchmark,DefaultJob,False,Default,Default,Default,Default,Default,Default,0000000000,Empty,RyuJit,Arm64,8c5e7fda-e8bf-4a96-9a85-a6e23a8c635c,.NET 7.0,False,True,False,True,Default,Default,False,False,False,Default,Default,Default,Default,Default,Default,Default,Default,Default,Default,Default,Default,Default,Default,Default,Default,Default,16,Default,19,False,"570,969.8 μs","3,119.46 μs","2,917.94 μs"
Benchmark,DefaultJob,False,Default,Default,Default,Default,Default,Default,0000000000,Empty,RyuJit,Arm64,8c5e7fda-e8bf-4a96-9a85-a6e23a8c635c,.NET 7.0,False,True,False,True,Default,Default,False,False,False,Default,Default,Default,Default,Default,Default,Default,Default,Default,Default,Default,Default,Default,Default,Default,Default,Default,16,Default,19,True,"690,794.4 μs","5,494.15 μs","5,139.23 μs"
Benchmark,DefaultJob,False,Default,Default,Default,Default,Default,Default,0000000000,Empty,RyuJit,Arm64,8c5e7fda-e8bf-4a96-9a85-a6e23a8c635c,.NET 7.0,False,True,False,True,Default,Default,False,False,False,Default,Default,Default,Default,Default,Default,Default,Default,Default,Default,Default,Default,Default,Default,Default,Default,Default,16,Default,20,False,"118,895.5 μs",260.48 μs,230.91 μs
Benchmark,DefaultJob,False,Default,Default,Default,Default,Default,Default,0000000000,Empty,RyuJit,Arm64,8c5e7fda-e8bf-4a96-9a85-a6e23a8c635c,.NET 7.0,False,True,False,True,Default,Default,False,False,False,Default,Default,Default,Default,Default,Default,Default,Default,Default,Default,Default,Default,Default,Default,Default,Default,Default,16,Default,20,True,"12,892.8 μs",35.90 μs,33.58 μs
